Gene(s),variant,Clinical_Label
KCNB1,I858V,LB/B
KCNB1,S857N,LB/B
KCNB1,G847A,LB/B
KCNB1,L844S,LB/B
KCNB1,R842H,LB/B
KCNB1,R842C,LB/B
KCNB1,V841I,LB/B
KCNB1,P839L,LB/B
KCNB1,P839S,LB/B
KCNB1,S838P,LB/B
KCNB1,P825S,LB/B
KCNB1,G824D,LB/B
KCNB1,K823R,LB/B
KCNB1,A819V,LB/B
KCNB1,A819T,LB/B
KCNB1,I814M,LB/B
KCNB1,P806L,LB/B
KCNB1,S792L,LB/B
KCNB1,T788M,LB/B
KCNB1,T788K,LB/B
KCNB1,P784L,LB/B
KCNB1,T782I,LB/B
KCNB1,S781N,LB/B
KCNB1,S777I,LB/B
KCNB1,K776R,LB/B
KCNB1,P775L,LB/B
KCNB1,A758S,LB/B
KCNB1,A758T,LB/B
KCNB1,I756T,LB/B
KCNB1,G751V,LB/B
KCNB1,A750V,LB/B
KCNB1,A750T,LB/B
KCNB1,T742K,LB/B
KCNB1,R736Q,LB/B
KCNB1,P734L,LB/B
KCNB1,P734R,LB/B
KCNB1,P734H,LB/B
KCNB1,T727S,LB/B
KCNB1,V718M,LB/B
KCNB1,T712M,LB/B
KCNB1,A706S,LB/B
KCNB1,A706T,LB/B
KCNB1,A702V,LB/B
KCNB1,A702E,LB/B
KCNB1,S700N,LB/B
KCNB1,G699E,LB/B
KCNB1,R698Q,LB/B
KCNB1,L695I,LB/B
KCNB1,V687I,LB/B
KCNB1,L684H,LB/B
KCNB1,P666L,LB/B
KCNB1,M661V,LB/B
KCNB1,K658R,LB/B
KCNB1,S651G,LB/B
KCNB1,G631S,LB/B
KCNB1,G631C,LB/B
KCNB1,R627L,LB/B
KCNB1,R627L,LB/B
KCNB1,R627Q,LB/B
KCNB1,R627W,LB/B
KCNB1,A621S,LB/B
KCNB1,G618D,LB/B
KCNB1,G618V,LB/B
KCNB1,G617E,LB/B
KCNB1,T616I,LB/B
KCNB1,T616S,LB/B
KCNB1,S614N,LB/B
KCNB1,P613S,LB/B
KCNB1,S590N,LP/P
KCNB1,R583Q,LB/B
KCNB1,I580V,LB/B
KCNB1,R575G,LB/B
KCNB1,V569L,LB/B
KCNB1,V569I,LB/B
KCNB1,S554N,LB/B
KCNB1,A552V,LB/B
KCNB1,A552T,LB/B
KCNB1,S541Y,LB/B
KCNB1,Y533H,LB/B
KCNB1,V526I,LB/B
KCNB1,Q522L,LB/B
KCNB1,A515V,LB/B
KCNB1,K502N,LB/B
KCNB1,L483F,LB/B
KCNB1,H482N,LB/B
KCNB1,G473D,LB/B
KCNB1,E470D,LB/B
KCNB1,K467N,LB/B
KCNB1,V465I,LB/B
KCNB1,I463T,LB/B
KCNB1,I463V,LB/B
KCNB1,R456Q,LB/B
KCNB1,M448I,LB/B
KCNB1,A435P,LP/P
KCNB1,R432W,LB/B
KCNB1,I430V,LB/B
KCNB1,E422A,LP/P
KCNB1,S417P,LP/P
KCNB1,F416L,LP/P
KCNB1,F416L,LP/P
KCNB1,N414D,LP/P
KCNB1,V413I,LP/P
KCNB1,I411N,LP/P
KCNB1,P410L,LP/P
KCNB1,I409T,LP/P
KCNB1,P408S,LP/P
KCNB1,L407P,LP/P
KCNB1,A406V,LP/P
KCNB1,G401A,LP/P
KCNB1,G401R,LP/P
KCNB1,C397Y,LP/P
KCNB1,G395E,LP/P
KCNB1,G395R,LP/P
KCNB1,G394E,LP/P
KCNB1,G394R,LP/P
KCNB1,G390E,LP/P
KCNB1,D382V,LP/P
KCNB1,D382N,LP/P
KCNB1,D382H,LP/P
KCNB1,G379E,LP/P
KCNB1,G379V,LP/P
KCNB1,V378G,LP/P
KCNB1,V378A,LP/P
KCNB1,V378L,LP/P
KCNB1,T377N,LP/P
KCNB1,M375V,LP/P
KCNB1,T374I,LP/P
KCNB1,T372N,LP/P
KCNB1,T372I,LP/P
KCNB1,W370R,LP/P
KCNB1,W369L,LP/P
KCNB1,S367F,LP/P
KCNB1,T359I,LP/P
KCNB1,E353K,LP/P
KCNB1,V349F,LP/P
KCNB1,S347R,LP/P
KCNB1,S347R,LP/P
KCNB1,S347I,LP/P
KCNB1,L334P,LP/P
KCNB1,L334F,LB/B
KCNB1,G332V,LP/P
KCNB1,E330D,LP/P
KCNB1,E330Q,LP/P
KCNB1,E330K,LP/P
KCNB1,R325Q,LB/B
KCNB1,T323I,LP/P
KCNB1,G321S,LP/P
KCNB1,L320P,LP/P
KCNB1,S319Y,LP/P
KCNB1,S319F,LP/P
KCNB1,S314A,LP/P
KCNB1,H313R,LP/P
KCNB1,H313N,LP/P
KCNB1,R312P,LP/P
KCNB1,R312H,LP/P
KCNB1,R312C,LP/P
KCNB1,I307V,LP/P
KCNB1,R306C,LP/P
KCNB1,R303Q,LP/P
KCNB1,P272S,LP/P
KCNB1,A264T,LB/B
KCNB1,T210K,LP/P
KCNB1,T210R,LP/P
KCNB1,T210M,LP/P
KCNB1,T210A,LP/P
KCNB1,N209K,LP/P
KCNB1,L208R,LP/P
KCNB1,S202C,LP/P
KCNB1,V200I,LB/B
KCNB1,I199F,LP/P
KCNB1,I196S,LP/P
KCNB1,A169T,LB/B
KCNB1,T154I,LB/B
KCNB1,E82K,LB/B
KCNB1,D80G,LB/B
KCNB1,E43G,LP/P
KCNB1,R34H,LB/B
KCNB1,R31P,LB/B
KCNB1,A28T,LB/B
KCNB1,P2Q,LB/B
KCNB1,P2R,LB/B
KCNB1,P2S,LB/B
